nr;entity;GDP
1;United States;$29,298,025,000,000
2;China;$18,749,759,000,000
3;Germany;$4,684,182,000,000
4;Japan;$4,019,382,000,000
5;India;$3,909,892,000,000
6;United Kingdom;$3,644,636,000,000
7;France;$3,160,902,000,000
8;Italy;$2,372,059,000,000
9;Canada;$2,243,637,000,000
10;Brazil;$2,179,413,000,000
11;Russia;$2,173,225,000,000
12;South Korea;$1,875,388,000,000
13;Mexico;$1,856,366,000,000
14;Australia;$1,795,492,000,000
15;Spain;$1,725,152,000,000
16;Indonesia;$1,396,300,000,000
17;Turkey;$1,358,251,000,000
18;Saudi Arabia;$1,239,805,000,000
19;Netherlands;$1,214,562,000,000
20;Switzerland;$938,153,000,000
21;Poland;$914,553,000,000
22;Taiwan;$797,004,000,000
23;Belgium;$664,365,000,000
24;Argentina;$637,234,000,000
25;Ireland;$608,974,000,000
26;Sweden;$603,715,000,000
27;United Arab Emirates;$552,325,000,000
28;Singapore;$547,387,000,000
29;Israel;$542,285,000,000
30;Thailand;$526,518,000,000
31;Austria;$523,956,000,000
32;Norway;$483,593,000,000
33;Philippines;$461,617,000,000
34;Viet Nam;$459,472,000,000
35;Bangladesh;$450,461,000,000
36;Denmark;$424,525,000,000
37;Malaysia;$422,227,000,000
38;Colombia;$418,818,000,000
39;Iran;$416,676,000,000
40;Hong Kong;$406,863,000,000
41;South Africa;$401,076,000,000
42;Egypt;$383,105,000,000
43;Romania;$382,854,000,000
44;Pakistan;$371,408,000,000
45;Czech Republic;$347,034,000,000
46;Chile;$330,210,000,000
47;Portugal;$308,581,000,000
48;Finland;$298,607,000,000
49;Peru;$294,675,000,000
50;Kazakhstan;$291,480,000,000
51;Iraq;$278,771,000,000
52;Algeria;$269,140,000,000
53;New Zealand;$258,365,000,000
54;Greece;$257,067,000,000
55;Nigeria;$252,109,000,000
56;Hungary;$223,060,000,000
57;Qatar;$219,631,000,000
58;Cuba;$201,985,998,168
59;Ukraine;$190,687,000,000
60;Morocco;$160,606,000,000
61;Kuwait;$160,226,000,000
62;Ethiopia;$142,073,000,000
63;Slovakia;$141,733,000,000
64;Puerto Rico;$125,842,000,000
65;Ecuador;$124,676,000,000
66;Dominican Rep.;$124,613,000,000
67;Venezuela;$119,803,000,000
68;Kenya;$119,307,000,000
69;Angola;$115,214,000,000
70;Uzbekistan;$114,962,000,000
71;Guatemala;$113,190,000,000
72;Bulgaria;$112,232,000,000
73;Oman;$106,943,000,000
74;Sri Lanka;$98,964,000,000
75;Costa Rica;$95,365,000,000
76;Luxembourg;$93,252,000,000
77;Croatia;$92,643,000,000
78;Serbia;$89,074,000,000
79;Côte d'Ivoire;$87,096,000,000
80;Panama;$86,524,000,000
81;Lithuania;$84,847,000,000
82;Ghana;$82,825,000,000
83;Uruguay;$80,961,000,000
84;Tanzania;$79,236,000,000
85;Belarus;$76,208,000,000
86;DR Congo;$74,498,000,000
87;Azerbaijan;$74,316,000,000
88;Slovenia;$72,950,000,000
89;Turkmenistan;$68,675,000,000
90;Myanmar;$61,653,000,000
91;Uganda;$56,232,000,000
92;Cameroon;$54,394,000,000
93;Jordan;$53,428,000,000
94;Tunisia;$52,925,000,000
95;Macao;$50,182,000,000
96;Zimbabwe;$49,154,000,000
97;Libya;$48,363,000,000
98;Bahrain;$47,110,000,000
99;Bolivia;$46,967,000,000
100;Cambodia;$46,098,000,000
101;Paraguay;$44,458,000,000
102;Latvia;$43,508,000,000
103;Estonia;$43,117,000,000
104;Nepal;$42,914,000,000
105;Honduras;$37,100,000,000
106;Cyprus;$36,322,000,000
107;El Salvador;$35,365,000,000
108;Georgia;$33,775,000,000
109;Iceland;$33,255,000,000
110;Senegal;$32,816,000,000
111;Papua New Guinea;$31,496,000,000
112;Bosnia and Herzegovina;$29,614,000,000
113;Sudan;$29,184,000,000
114;Lebanon;$28,280,000,000
115;Albania;$27,084,000,000
116;Zambia;$26,326,000,000
117;Armenia;$25,955,000,000
118;Trinidad and Tobago;$25,634,000,000
119;Haiti;$25,285,000,000
120;Malta;$24,964,000,000
121;Guyana;$24,659,000,000
122;Guinea;$24,229,000,000
123;Mongolia;$23,795,000,000
124;Burkina Faso;$23,130,000,000
125;Mali;$22,789,000,000
126;Mozambique;$22,745,000,000
127;Jamaica;$21,900,000,000
128;Benin;$21,487,000,000
129;Gabon;$20,900,000,000
130;Syria;$19,993,439,950
131;Niger;$19,866,000,000
132;Chad;$19,836,000,000
133;Nicaragua;$19,694,000,000
134;Botswana;$19,356,000,000
135;Yemen;$19,101,000,000
136;Moldova;$18,201,000,000
137;Afghanistan;$18,080,000,000
138;Kyrgyzstan;$17,491,000,000
139;Madagascar;$17,421,000,000
140;North Macedonia;$16,679,000,000
141;North Korea;$16,446,632,290
142;Laos;$15,908,000,000
143;Bahamas;$15,833,000,000
144;Brunei Darussalam;$15,463,000,000
145;Mauritius;$14,986,000,000
146;Congo;$14,774,000,000
147;Rwanda;$14,251,000,000
148;Tajikistan;$14,199,000,000
149;State of Palestine;$13,711,000,000
150;Namibia;$13,370,000,000
151;Equatorial Guinea;$12,769,000,000
152;Somalia;$12,161,000,000
153;Malawi;$11,797,000,000
154;Mauritania;$11,003,000,000
155;New Caledonia;$10,139,988,153
156;Monaco;$9,995,350,547
157;Togo;$9,776,000,000
158;Bermuda;$8,980,200,000
159;Liechtenstein;$8,500,000,000
160;Montenegro;$8,272,000,000
161;Sierra Leone;$7,792,000,000
162;Isle of Man;$7,431,257,411
163;Barbados;$7,169,000,000
164;Cayman Islands;$7,139,428,558
165;Maldives;$7,052,000,000
166;Guam;$6,910,000,000
167;French Polynesia;$6,402,221,222
168;Fiji;$5,968,000,000
169;Eswatini;$4,944,000,000
170;Burundi;$4,827,000,000
171;Liberia;$4,778,000,000
172;U.S. Virgin Islands;$4,672,000,000
173;South Sudan;$4,648,000,000
174;Suriname;$4,452,000,000
175;Djibouti;$4,291,000,000
176;Aruba;$4,192,000,000
177;Andorra;$4,038,000,000
178;Faeroe Islands;$3,907,323,961
179;Greenland;$3,326,544,174
180;Curaçao;$3,281,419,347
181;Belize;$3,204,000,000
182;Bhutan;$3,098,000,000
183;Central African Republic;$2,831,000,000
184;Cabo Verde;$2,726,000,000
185;Saint Lucia;$2,574,000,000
186;Gambia;$2,355,000,000
187;Lesotho;$2,298,000,000
188;Eritrea;$2,275,290,216
189;Antigua and Barbuda;$2,208,000,000
190;Guinea-Bissau;$2,186,000,000
191;Seychelles;$2,178,000,000
192;San Marino;$2,082,000,000
193;Timor-Leste;$2,015,000,000
194;Solomon Islands;$1,778,000,000
195;Turks and Caicos;$1,745,378,000
196;Sint Maarten;$1,735,210,228
197;British Virgin Islands;$1,505,856,107
198;Comoros;$1,442,000,000
199;Grenada;$1,395,000,000
200;Samoa;$1,176,000,000
201;St. Vincent & Grenadines;$1,162,000,000
202;Northern Mariana Islands;$1,096,000,000
203;Vanuatu;$1,090,000,000
204;Saint Kitts & Nevis;$1,079,000,000
205;American Samoa;$871,000,000
206;Sao Tome and Principe;$828,000,000
207;Dominica;$698,000,000
208;Saint Martin;$649,206,156
209;Tonga;$558,000,000
210;Micronesia;$471,000,000
211;Anguilla;$415,735,284
212;Cook Islands;$366,211,548
213;Palau;$322,000,000
214;Kiribati;$308,000,000
215;Marshall Islands;$281,000,000
216;Nauru;$162,000,000
217;Montserrat;$80,429,630
218;Tuvalu;$56,000,000
